{
  "project_info": {
    "project_number": "475916146070",
    "firebase_url": "https://motolife-6005b.firebaseio.com",
    "project_id": "motolife-6005b",
    "storage_bucket": "motolife-6005b.appspot.com"
  },
  "client": [
    {
      "client_info": {
        "mobilesdk_app_id": "1:475916146070:android:e8210a9da2c7a3171279b7",
        "android_client_info": {
          "package_name": "com.app.motolife"
        }
      },
      "oauth_client": [
        {
          "client_id": "475916146070-ne8g0200q1vpj5o0a81aeco9uubmkgsh.apps.googleusercontent.com",
          "client_type": 1,
          "android_info": {
            "package_name": "com.app.motolife",
            "certificate_hash": "b6f47748dd7d663c3128ae856829fac1dfa5acac"
          }
        },
        {
          "client_id": "475916146070-sh7naq49jkiru3g8pdl1heovvb147u01.apps.googleusercontent.com",
          "client_type": 3
        }
      ],
      "api_key": [
        {
          "current_key": "AIzaSyB3y3FZ3Q6Rtks9jdUTOBrOXP9ycTuvMuE"
        }
      ],
      "services": {
        "appinvite_service": {
          "other_platform_oauth_client": [
            {
              "client_id": "475916146070-sh7naq49jkiru3g8pdl1heovvb147u01.apps.googleusercontent.com",
              "client_type": 3
            }
          ]
        }
      }
    }
  ],
  "configuration_version": "1"
}